Workbook
Name Statistical_Distribution: Biodiversity!$F$2:$F$100

Sheet Project Details
A1: Field | B1: Value
A2: Project Name | B2: Test Project - Riverside Development
A3: Prepared By | B3: Jane Smith
A4: Date (dd/mm/yyyy) | B4: 15/06/2026
A5: Summary of Proposal Overview | B5: Construction of a residential subdivision adjacent to native bush remnant.
A6: Ecological Context and Impact Summary | B6: The site contains a remnant of indigenous forest and a population of native birds. Development will remove a portion of forest canopy and disturb bird habitat.
A7: Biodiversity Impacts Addressed Outside of the Model | B7: None identified.
A8: Summary Description of Proposed Offset Package | B8: Replanting and predator control on an adjacent block to restore canopy cover and bird habitat over 20 years.

Sheet Biodiversity
A1: Biodiversity Type | B1: Biodiversity Component | C1: Biodiversity Attribute | D1: Measurement Unit | E1: Benchmark Value | F1: Statistical Distribution
A2: Vegetation | B2: Forest | C2: Canopy Cover | D2: % | E2: 80 | F2: Normal
A3: Fauna | B3: Birds | C3: Species Richness | D3: Count | E3: 12 | F3: Poisson

Sheet Impact Site
A1: Biodiversity Type | B1: Biodiversity Component | C1: Biodiversity Attribute | D1: Impact Area | E1: Impact Area Unit | F1: Prior Impact – Attribute Measure Data Type | G1: Mean Attribute Measure Prior to Impact | H1: NORMAL: SD Prior to Impact | I1: POISSON: Sample Size Prior to Impact | J1: NEG BINOMIAL: Variance Prior to Impact | K1: Post Impact – Attribute Measure Data Type | L1: Mean Attribute Measure Post Impact | M1: NORMAL: SD Post Impact | N1: POISSON: Sample Size Post Impact | O1: NEG BINOMIAL: Variance Post Impact
A2: Vegetation | B2: Forest | C2: Canopy Cover | D2: 2.5 | E2: ha | F2: Empirical | G2: 65 | H2: 5 | K2: Modelled | L2: 40 | M2: 8
A3: Fauna | B3: Birds | C3: Species Richness | D3: 2.5 | E3: ha | F3: Empirical | G3: 10 | I3: 20 | K3: Modelled | L3: 6 | N3: 15
A4: =Biodiversity!A4 | B4: =Biodiversity!B4 | C4: =Biodiversity!C4
A5: =Biodiversity!A5 | B5: =Biodiversity!B5 | C5: =Biodiversity!C5
A6: =Biodiversity!A6 | B6: =Biodiversity!B6 | C6: =Biodiversity!C6
A7: =Biodiversity!A7 | B7: =Biodiversity!B7 | C7: =Biodiversity!C7
A8: =Biodiversity!A8 | B8: =Biodiversity!B8 | C8: =Biodiversity!C8
A9: =Biodiversity!A9 | B9: =Biodiversity!B9 | C9: =Biodiversity!C9
A10: =Biodiversity!A10 | B10: =Biodiversity!B10 | C10: =Biodiversity!C10
A11: =Biodiversity!A11 | B11: =Biodiversity!B11 | C11: =Biodiversity!C11
A12: =Biodiversity!A12 | B12: =Biodiversity!B12 | C12: =Biodiversity!C12
A13: =Biodiversity!A13 | B13: =Biodiversity!B13 | C13: =Biodiversity!C13
A14: =Biodiversity!A14 | B14: =Biodiversity!B14 | C14: =Biodiversity!C14
A15: =Biodiversity!A15 | B15: =Biodiversity!B15 | C15: =Biodiversity!C15
... A100: =Biodiversity!A100 | B100: =Biodiversity!B100 | C100: =Biodiversity!C100

Sheet Offset Site
A1: Biodiversity Type | B1: Biodiversity Component | C1: Biodiversity Attribute | D1: Offset Area | E1: Offset Area Unit | F1: Prior Offset – Attribute Measure Data Type | G1: Mean Attribute Measure Prior to Offset | H1: NORMAL: SD Prior to Offset | I1: POISSON: Sample Size Prior to Offset | J1: NEG BINOMIAL: Variance Prior to Offset | K1: Proposed Offset Actions | L1: Confidence in Proposed Offset Action | M1: Time till End (Years) | N1: Discount Rate (%) | O1: Post Offset – Attribute Measure Data Type | P1: Mean Attribute Measure Post Offset | Q1: NORMAL: SD Post Offset | R1: POISSON: Sample Size Post Offset | S1: NEG BINOMIAL: Variance Post Offset
A2: Vegetation | B2: Forest | C2: Canopy Cover | D2: 4 | E2: ha | F2: Empirical | G2: 40 | H2: 6 | K2: Replant with locally-sourced native canopy species and undertake weed control. | L2: Confident 75-90% | M2: 20 | N2: 6 | O2: Modelled | P2: 75 | Q2: 5
A3: Fauna | B3: Birds | C3: Species Richness | D3: 4 | E3: ha | F3: Empirical | G3: 5 | I3: 12 | K3: Predator control (traps and bait stations) across the offset site. | L3: Confident 75-90% | M3: 20 | N3: 6 | O3: Modelled | P3: 11 | R3: 18
A4: =Biodiversity!A4 | B4: =Biodiversity!B4 | C4: =Biodiversity!C4
A5: =Biodiversity!A5 | B5: =Biodiversity!B5 | C5: =Biodiversity!C5
A6: =Biodiversity!A6 | B6: =Biodiversity!B6 | C6: =Biodiversity!C6
A7: =Biodiversity!A7 | B7: =Biodiversity!B7 | C7: =Biodiversity!C7
A8: =Biodiversity!A8 | B8: =Biodiversity!B8 | C8: =Biodiversity!C8
A9: =Biodiversity!A9 | B9: =Biodiversity!B9 | C9: =Biodiversity!C9
A10: =Biodiversity!A10 | B10: =Biodiversity!B10 | C10: =Biodiversity!C10
A11: =Biodiversity!A11 | B11: =Biodiversity!B11 | C11: =Biodiversity!C11
A12: =Biodiversity!A12 | B12: =Biodiversity!B12 | C12: =Biodiversity!C12
A13: =Biodiversity!A13 | B13: =Biodiversity!B13 | C13: =Biodiversity!C13
A14: =Biodiversity!A14 | B14: =Biodiversity!B14 | C14: =Biodiversity!C14
A15: =Biodiversity!A15 | B15: =Biodiversity!B15 | C15: =Biodiversity!C15
... A100: =Biodiversity!A100 | B100: =Biodiversity!B100 | C100: =Biodiversity!C100

Sheet Documentation -AttributeMeasure
A1: Biodiversity Type | B1: Biodiversity Component | C1: Biodiversity Attribute | D1: Attribute Measure Prior to Impact – Data Type | E1: EMPIRICAL Attribute Measure Prior to Impact – Provide sample size & duration | F1: MODELLED Attribute Measure Prior to Impact – Describe the model | G1: EXPERT ELICITED Attribute Measure Prior to Impact – List expert(s) and affiliations | H1: PROXY VALUE Attribute Measure Prior to Impact – Give reference and/or describe | I1: Attribute Measure Post Impact – Data Type | J1: EMPIRICAL Attribute Measure Post Impact – Provide sample size & duration | K1: MODELLED Attribute Measure Post Impact – Describe the model | L1: EXPERT ELICITED Attribute Measure Post Impact – List expert(s) and affiliations | M1: PROXY VALUE Attribute Measure Post Impact – Give reference and/or describe | N1: Attribute Measure Prior to Offset – Data Type | O1: EMPIRICAL Attribute Measure Prior to Offset – Provide sample size & duration | P1: MODELLED Attribute Measure Prior to Offset – Describe the model | Q1: EXPERT ELICITED Attribute Measure Prior to Offset – List expert(s) and affiliations | R1: PROXY VALUE Attribute Measure Prior to Offset – Give reference and/or describe | S1: Attribute Measure Post Offset – Data Type | T1: EMPIRICAL Attribute Measure Post Offset – Provide sample size & duration | U1: MODELLED Attribute Measure Post Offset – Describe the model | V1: EXPERT ELICITED Attribute Measure Post Offset – List expert(s) and affiliations | W1: PROXY VALUE Attribute Measure Post Offset – Give reference and/or describe
A2: Vegetation | B2: Forest | C2: Canopy Cover | D2: Empirical | E2: Sample of 20 plots measured pre-impact, Jan 2025. | I2: Modelled | K2: Canopy cover modelled using LiDAR-derived crown cover regression. | N2: Empirical | O2: Sample of 15 plots measured at offset site, Mar 2025. | S2: Modelled | U2: Projected canopy cover based on growth model for planted species at 20 years.
A3: Fauna | B3: Birds | C3: Species Richness | D3: Empirical | E3: 20 x 5-minute bird counts across impact site, summer 2025. | I3: Modelled | K3: Species richness modelled from habitat suitability model. | N3: Empirical | O3: 12 x 5-minute bird counts across offset site, summer 2025. | S3: Modelled | U3: Projected species richness based on habitat restoration model at 20 years.
A4: =Biodiversity!A4 | B4: =Biodiversity!B4 | C4: =Biodiversity!C4
A5: =Biodiversity!A5 | B5: =Biodiversity!B5 | C5: =Biodiversity!C5
A6: =Biodiversity!A6 | B6: =Biodiversity!B6 | C6: =Biodiversity!C6
A7: =Biodiversity!A7 | B7: =Biodiversity!B7 | C7: =Biodiversity!C7
A8: =Biodiversity!A8 | B8: =Biodiversity!B8 | C8: =Biodiversity!C8
A9: =Biodiversity!A9 | B9: =Biodiversity!B9 | C9: =Biodiversity!C9
A10: =Biodiversity!A10 | B10: =Biodiversity!B10 | C10: =Biodiversity!C10
A11: =Biodiversity!A11 | B11: =Biodiversity!B11 | C11: =Biodiversity!C11
A12: =Biodiversity!A12 | B12: =Biodiversity!B12 | C12: =Biodiversity!C12
A13: =Biodiversity!A13 | B13: =Biodiversity!B13 | C13: =Biodiversity!C13
A14: =Biodiversity!A14 | B14: =Biodiversity!B14 | C14: =Biodiversity!C14
A15: =Biodiversity!A15 | B15: =Biodiversity!B15 | C15: =Biodiversity!C15
... A100: =Biodiversity!A100 | B100: =Biodiversity!B100 | C100: =Biodiversity!C100

Sheet Documentation – Other 
A1: Biodiversity Type | B1: Biodiversity Component | C1: Biodiversity Attribute | D1: Justify Benchmark Value | E1: Justify Confidence in Proposed Offset Action | F1: Justify Time till End | G1: Justify Discount Rate
A2: Vegetation | B2: Forest | C2: Canopy Cover | D2: Benchmark derived from regional ecological survey of mature forest stands. | E2: Confidence based on prior success of similar restoration projects in the region. | F2: 20 years selected to align with expected canopy maturation timeframe. | G2: Discount rate based on standard Treasury guidance for long-term environmental projects.
A3: Fauna | B3: Birds | C3: Species Richness | D3: Benchmark derived from regional bird count surveys of intact habitat. | E3: Confidence based on demonstrated effectiveness of predator control programmes. | F3: 20 years selected to align with habitat restoration milestones. | G3: Discount rate based on standard Treasury guidance for long-term environmental projects.
A4: =Biodiversity!A4 | B4: =Biodiversity!B4 | C4: =Biodiversity!C4
A5: =Biodiversity!A5 | B5: =Biodiversity!B5 | C5: =Biodiversity!C5
A6: =Biodiversity!A6 | B6: =Biodiversity!B6 | C6: =Biodiversity!C6
A7: =Biodiversity!A7 | B7: =Biodiversity!B7 | C7: =Biodiversity!C7
A8: =Biodiversity!A8 | B8: =Biodiversity!B8 | C8: =Biodiversity!C8
A9: =Biodiversity!A9 | B9: =Biodiversity!B9 | C9: =Biodiversity!C9
A10: =Biodiversity!A10 | B10: =Biodiversity!B10 | C10: =Biodiversity!C10
A11: =Biodiversity!A11 | B11: =Biodiversity!B11 | C11: =Biodiversity!C11
A12: =Biodiversity!A12 | B12: =Biodiversity!B12 | C12: =Biodiversity!C12
A13: =Biodiversity!A13 | B13: =Biodiversity!B13 | C13: =Biodiversity!C13
A14: =Biodiversity!A14 | B14: =Biodiversity!B14 | C14: =Biodiversity!C14
A15: =Biodiversity!A15 | B15: =Biodiversity!B15 | C15: =Biodiversity!C15
... A100: =Biodiversity!A100 | B100: =Biodiversity!B100 | C100: =Biodiversity!C100

Sheet Instructions
A1: Instructions
A2: HOW TO USE THIS TEMPLATE
A4: OVERVIEW
A5: This template allows bulk data entry for the Biodiversity Offset Accounting Model (BOAM).
A6: Fill in the columns in each sheet, then upload the file using the 'Upload Data' button in the app.
A7: Uploaded data replaces any existing data in the app.
A9: SHEET STRUCTURE
A10: - Project Details: Project-level information (one entry per field).
A11: - Biodiversity: One row per biodiversity attribute – general information that applies to both impact and offset data.
A12: - Impact Site: One row per biodiversity attribute — impact site data.
A13: - Offset Site: One row per biodiversity attribute — offset site data.
A14: - Documentation-AttributeMeasure: One row per biodiversity attribute. Provides justification for attribute measure data input (pre & post impact and pre & post offset) for each attribute (transferred to output report).
... A48: It captures the justification text fields that appear in the full PDF report.
